{
  "id": "drunkenness-stages",
  "title": "Stages of Drunkenness",
  "description": "A module to track stages of drunkenness based on alcohol consumption",
  "authors": [
    {
      "name": "R6tmir",
      "email": "your-email@example.com"
    }
  ],
  "version": "1.0.0",
  "compatibility": {
    "minimum": "12",
    "verified": "12",
    "maximum": "12"
  },
  "scripts": [
    "scripts/drunkenness.js"
  ],
  "styles": [
    "styles/drunkenness.css"
  ],
  "languages": [],
  "packs": [
    {
      "name": "drunkenness-macros",
      "label": "Drunkenness Macros",
      "path": "packs/drunkenness-macros.db",
      "entity": "Macro"
    }
  ],
  "relationships": {
    "systems": []
  },
  "url": "https://github.com/R6tmir/drunkenness-stages",
  "manifest": "https://github.com/R6tmir/drunkenness-stages/releases/latest/download/module.json",
  "download": "https://github.com/R6tmir/drunkenness-stages/releases/latest/download/drunkenness-stages.zip",
  "changelog": "https://github.com/R6tmir/drunkenness-stages/releases",
  "bugs": "https://github.com/R6tmir/drunkenness-stages/issues",
  "readme": "https://github.com/R6tmir/drunkenness-stages/blob/main/README.md",
  "license": "https://github.com/R6tmir/drunkenness-stages/blob/main/LICENSE"